source_id,teffsb2,teffsb2err,teffspec,teffspecerr,source
Gaia DR3 3413462508748707968,5662.39,28.31,5533.61,26.71,Xiong+2023
Gaia DR3 401078859445256192,6137.62,55.24,6210.83,29.7,Xiong+2023
Gaia DR3 342946885113758720,7063.18,63.57,6825.2,14.02,Xiong+2023
Gaia DR3 57344071170762880,5956.62,53.61,6145.69,87.73,Xiong+2023
Gaia DR3 938680396921810304,6194.0,100.0,6235.925,14.135,Xiong+2023
Gaia DR3 2107434834610481920,5520.77,44.17,5545.33,41.237,Xiong+2023
Gaia DR3 2085564345750116608,7112.14,49.78,6898.24,11.62,Xiong+2023
Gaia DR3 2052871260847605120,6531.31,97.97,6403.84,13.92,Xiong+2023
Gaia DR3 2077496473024613632,5199.96,41.6,5396.54,34.295,Xiong+2023
Gaia DR3 2126044240713250304,6714.29,67.14,6478.315,16.375,Xiong+2023
Gaia DR3 2128141417403122944,7700.0,250.0,7376.14,33.41,Xiong+2023
Gaia DR3 2085555137340101504,7328.25,36.64,7069.555,27.435,Xiong+2023
Gaia DR3 2085510916355842304,7026.0,100.0,7047.61,19.92,Xiong+2023
Gaia DR3 2101510803402761344,6500.0,50.0,6537.63,81.64,Xiong+2023
Gaia DR3 2126356983051726720,6144.0,100.0,6159.542,24.343,Xiong+2023
Gaia DR3 166437168205381376,6426.88,38.56,6286.615,36.275,Xiong+2023
Gaia DR3 2670251536668384128,6353.31,88.95,5502.25,20.9,Xiong+2023
Gaia DR3 2101192082470870912,6012.74,23.74,5946.68,24.267,Xiong+2023
Gaia DR3 3811041442290209024,5940.85,32.41,5914.27,52.074,Xiong+2023
Gaia DR3 3378228658638299136,9824.11,1000.0,10234.684,15.078,Xiong+2023
Gaia DR3 604716006409635456,5529.74,45.16,6850.921,18.434,Xiong+2023
Gaia DR3 598940203109496064,4697.68,43.23,4661.849,29.29,Xiong+2023
Gaia DR3 609180023619173632,5971.97,10.79,6051.165,14.495,Xiong+2023
Gaia DR3 662309731144349184,5808.92,21.47,5757.91,85.86,Xiong+2023
Gaia DR3 2877105236181481728,6492.12,13.9,6469.3,47.003,Xiong+2023
Gaia DR3 2876917666369727616,6005.93,25.97,6012.695,28.68,Xiong+2023
Gaia DR3 2551780468740290944,5897.59,25.76,5881.043,72.57,Xiong+2023
Gaia DR3 2553446435014754688,5562.42,22.66,5559.055,23.8,Xiong+2023
Gaia DR3 2552126574384836992,5212.25,31.08,5205.732,26.434,Xiong+2023
Gaia DR3 454821063670628352,7184.49,51.21,6917.42,13.95,Xiong+2023
Gaia DR3 449792825194659328,6851.09,74.75,6851.09,33.94,Xiong+2023
Gaia DR3 67044581227237504,6164.53,14.12,6152.219,34.36,Xiong+2023
Gaia DR3 146788650598794752,6512.94,20.18,6515.015,26.975,Xiong+2023
Gaia DR3 3418303692807043200,6692.25,14.63,6692.25,17.71,Xiong+2023
Gaia DR3 3424887667216672256,6436.53,24.81,6384.673,23.1,Xiong+2023
Gaia DR3 3424566923356416640,7236.39,23.76,7038.759,96.23,Xiong+2023
Gaia DR3 3426632802628132224,6474.07,13.87,6474.07,18.3,Xiong+2023
Gaia DR3 3423629963354261760,11289.0,500.0,12120.45,10.597,Xiong+2023
Gaia DR3 3372154505431902848,9644.6,81.42,10024.1,13.54,Xiong+2023
Gaia DR3 3131579681946988416,7530.58,135.53,7343.69,33.38,Xiong+2023
Gaia DR3 3371355985114231808,6082.8,7.88,6069.345,9.745,Xiong+2023
Gaia DR3 3372265148088536320,6418.18,51.45,6203.534,16.686,Xiong+2023
Gaia DR3 3378894859605657984,8477.5,7.25,9207.526,11.042,Xiong+2023
Gaia DR3 3378682653860701568,6193.17,39.2,6283.655,23.931,Xiong+2023
Gaia DR3 662527125207158784,6366.84,11.14,6366.84,11.23,Xiong+2023
Gaia DR3 605136088570783104,6560.76,5.75,6663.465,10.741,Xiong+2023
Gaia DR3 4032659147719605248,4536.85,73.08,4536.85,52.09,Xiong+2023
Gaia DR3 1420810954300485760,5845.57,42.64,5800.725,39.885,Xiong+2023
Gaia DR3 2125971226269667584,6452.39,54.82,6424.515,18.34,Xiong+2023
Gaia DR3 1915194950298568320,6016.9,32.34,6004.83,22.93,Xiong+2023
Gaia DR3 2878836318456431872,6227.49,10.93,6230.68,13.81,Xiong+2023
Gaia DR3 1384585619577974144,4747.23,73.64,4740.56,42.66,Xiong+2023
Gaia DR3 608267596470455424,4890.0,60.0,5037.655,59.466,Xiong+2023
Gaia DR3 3440572857718190976,6510.0,10.0,6509.91,9.82,Xiong+2023
Gaia DR3 3130353314164091520,7867.34,179.46,7764.28,76.14,Xiong+2023
Gaia DR3 1558226745013224448,6383.82,17.57,6383.82,20.59,Xiong+2023
Gaia DR3 1278589709364139520,3917.4187710778306,1.0327614057613974,4008.37,47.73,Southworth+2015
Gaia DR3 954726772696225536,5345.643593969719,1.0139113857366795,5472.26,24.91,Southworth+2015
Gaia DR3 2073900004856421120,5714.786366718672,1.0185913880541169,5801.21,35.88,Southworth+2015
Gaia DR3 2086643104093265792,5128.613839913648,1.0423174293933042,6531.707,71.34,Southworth+2015
Gaia DR3 2106887209100717440,5807.644175213118,1.02093948370768,5713.53,41.83,Southworth+2015
Gaia DR3 1387290280744129152,5754.399373371566,1.0256519262514077,5799.125,17.295,Southworth+2015
Gaia DR3 2077667962475652864,6486.344335482381,1.02093948370768,6108.96,22.06,Southworth+2015
Gaia DR3 2085557916175822336,4864.072056914614,1.0162486928706955,4866.8,24.59,Southworth+2015
Gaia DR3 2051885033280089216,5807.644175213118,1.0423174293933042,6244.85,28.98,Southworth+2015
Gaia DR3 2076396892680237696,6280.58358813318,1.0280162981264735,6576.085,47.67,Southworth+2015
Gaia DR3 2126190784996797696,5649.369748123023,1.0139113857366795,4976.86,15.97,Southworth+2015
Gaia DR3 1594794719342718208,6324.118513762197,1.0069316688518042,6245.34,16.68,Southworth+2015
Gaia DR3 2125728440357498368,6501.296903430909,1.0256519262514077,6719.47,30.305,Southworth+2015
Gaia DR3 2125723492554930048,6823.3869414166975,1.023292992280754,6627.22,23.44,Southworth+2015
Gaia DR3 400097712818624512,7144.963260755135,1.0139113857366795,7088.76,18.02,Southworth+2015
Gaia DR3 2052393901006466048,6807.693586937417,1.0092528860766845,7075.67,31.11,Southworth+2015
Gaia DR3 2076326008537958912,7834.29642766212,1.0092528860766845,7636.897,15.352,Southworth+2015
Gaia DR3 2002164086682203904,5610.479760324706,1.0232929922807537e-10,5192.58,17.78,Southworth+2015
