uid,SHK,SIndex,SIndexSigma,teff,subclass,source
L9355957271418,0.859,0.3833078160236008,0.0083202834279071,3917.86,K7,BoroSaikia2018
L16047574709881,1.375642857145,0.4340950972799499,0.0035277621723814,3968.34,K7,Isaacson2010
L17269574668412,0.8122857142855,0.415148580546582,0.0103013248012259,4077.41,K7,Isaacson2010
L15303402219190,0.8892857142855,0.33329740563420496,0.00491020897775215,4215.875,K5,Isaacson2010
L15462979918983,0.97375,0.3938239124270594,0.0052760351718285,4269.59,K5,Isaacson2010
L15127224060381,1.13,0.3829298351092204,0.0144565630578703,4312.69,K5,Isaacson2010
G17405045024257,1.3001,0.3523207673308289,0.0120740417846721,4360.16,K5,BoroSaikia2018
L17571914750435,0.7271875,0.2882046098465678,0.0084088848844149,4388.87,K5,Isaacson2010
G9456925475688,0.9005,0.3259087398328447,0.0035522838770326,4432.61,K5,Isaacson2010
L13275512132273,0.9677,0.3270740461702801,0.00763794299563,4442.61,K5,Isaacson2010
G14078733731176,0.568,0.27935619132328,0.0113221732787018,4466.327,K5,Isaacson2024
L17405209928232,1.7878000000000027,0.522822616287594,0.005054743033068827,4515.416,K3,GomesDaSilva2021
L16378657108797,1.0428333333350002,0.333881731978172,0.0022369394194797,4524.557,K5,Isaacson2010
L16679457484585,0.303,0.2248505129496857,0.0028824235995476,4561.915,K3,Isaacson2010
G14033395134517,0.459,0.275738491412415,0.0131717929031203,4751.98,K3,Isaacson2024
G14071826050393,0.35,0.2102437770754545,0.013469766888418,4755.05,K3,Isaacson2024
G14059122457342,0.6,0.2605074298215052,0.0120104183210957,4799.1,K3,Isaacson2024
L14079714622553,0.147,0.1594634754563398,0.0086883308963766,4903.54,K1,Isaacson2024
G14080204174730,0.731,0.2843034472135305,0.0098073330164441,4905.84,K3,Isaacson2024
G14080647837628,0.135,0.1580493192993658,0.0059898966441526,4928.68,G5,Isaacson2024
G14081257355230,0.152,0.17612326990228672,0.012228086027555667,4937.368,G5,Isaacson2024
G14032116642485,0.12199999999999998,0.1616140342514795,0.0150769579268972,4948.76,G5,Isaacson2024
G14078322513066,0.132,0.15055095102343738,0.00808495114883955,4955.955,K1,Isaacson2024
G14073995888779,0.241,0.1528677457751172,0.0116777156956234,4960.6,G5,Isaacson2024
G14074832042480,0.138,0.1744236268163262,0.0093299925327144,5032.58,K1,Isaacson2024
G14078875177970,0.124,0.1521915157067752,0.0045217279757198,5037.92,K1,Isaacson2024
G14032023858463,0.13499999999999981,0.16098346437295574,0.00764651620360174,5045.053,G8,Isaacson2024
G16705891324290,0.556,0.2811742326072116,0.0019439777352663998,5047.065,K0,Isaacson2010
L11671705847016,0.5487,0.2723681329493939,0.0094733948094873,5062.05,K3,GomesDaSilva2021
G14080046994857,0.152,0.12355625253821619,0.013466243812783501,5090.62,K1,Isaacson2024
L16197084796197,0.175,0.189426021467487,0.0155227446540313,5166.99,G9,BoroSaikia2018
L14073705209230,0.5429999999999999,0.2712376477857839,0.0059068992421277,5167.82,K0,Isaacson2024
L14520599846175,0.3105,0.2246915449373696,0.0052994859675513,5187.1,G7,BoroSaikia2018
G14085038474278,0.129,0.17949942466824184,0.0139634588776247,5188.38,G7,Isaacson2024
G14033523912145,0.464,0.2465268811865147,0.0050865314361763,5193.26,G8,Isaacson2024
L16700846499098,0.503,0.2597084959973964,0.0029335090868067,5209.61,K1,Isaacson2010
G14080429232232,0.148,0.19290346455066823,0.00875743123627145,5228.71,G7,Isaacson2024
G17491773881363,1.1957499999999999,0.3987080297218214,0.0031752802320946,5233.12,G8,Isaacson2010
G14064924452645,0.326,0.2258692895388852,0.0068096905895739,5236.95,K1,Isaacson2024
P10450024521546,0.1565,0.2004845524175526,0.0119551803834473,5292.72,K1,Isaacson2010
L14074365393708,0.404,0.2395671356062852,0.0156340083366257,5315.36,G9,Isaacson2024
L16703924958267,0.4859999999999998,0.2501041241442624,0.0019257346935187501,5315.793,G7,Isaacson2010
G14081957260736,0.116,0.1574000455656327,0.0017523192951944,5318.59,G2,Isaacson2024
G14086462673883,0.252,0.2092888192186205,0.0164079165718585,5326.97,K1,Isaacson2024
L16705875092628,0.417,0.2439868340142778,0.0008889851384309,5377.33,G7,Isaacson2010
G14082791490603,0.192,0.19910320207404136,0.00650168270567315,5379.89,G7,Isaacson2024
G14030127733948,0.258,0.1978194049273665,0.0084773774148011,5391.995,G8,Isaacson2024
G14077568489705,0.178,0.19488865795442212,0.0062248407875355,5401.615,G7,Isaacson2024
G14033608484112,0.287,0.2242539677641308,0.0059945086544529,5403.22,G8,Isaacson2024
G14087241309429,0.4800000000000002,0.268836198480321,0.0054615262506273665,5427.976,G8,Isaacson2024
G14081091906952,0.13200000000000003,0.18003435403061893,0.006590161002899666,5430.053,G6,Isaacson2024
L14032500566162,0.206,0.2061189333538045,0.0035676753702621,5439.73,G4,Isaacson2024
G10465835762474,0.1803,0.1935118160269006,0.0025782511271996,5443.25,F9,GomesDaSilva2021
L14082315674911,0.20199999999999999,0.20341642903121857,0.007436897813089034,5462.113,G8,Isaacson2024
G14080996679747,0.218,0.2055866709945583,0.0075552016750234,5463.37,G7,Isaacson2024
L10449215903964,0.18375,0.2071178112705503,0.0039042079875422,5467.74,F9,GomesDaSilva2021
G14032152062048,0.415,0.25545646199464966,0.0122412600369677,5471.76,G7,Isaacson2024
G14084148775721,0.147,0.182008815809821,0.0064287628181547,5472.21,G3,Isaacson2024
L14085933247003,0.237,0.1897190637246484,0.0079130132721241,5475.72,G6,Isaacson2024
L14083025427235,0.163,0.18577000939917043,0.0034064081417493,5476.26,G6,Isaacson2024
G14077777594724,0.154,0.1977308533543098,0.0075808153686893,5486.31,G7,Isaacson2024
G14078389488533,0.134,0.18035569412545308,0.0056381437455814,5502.632999999999,G3,Isaacson2024
G14076761412349,0.129,0.1760176577379952,0.0073963870164726,5503.09,G7,Isaacson2024
L16700237491958,0.15,0.1760739494757394,0.002783845741012,5516.61,G3,Isaacson2010
G14080719926231,0.165,0.1994980965103546,0.0067223125605549,5519.32,F9,Isaacson2024
G16291010518843,0.18,0.1960285569368144,0.0064062327961553,5528.52,G9,Isaacson2010
G14086649508859,0.156,0.1700623875086514,0.0152929376929396,5528.58,F9,Isaacson2024
G14081264327176,0.17499999999999993,0.19752065232509491,0.009168713948876774,5531.234,G7,Isaacson2024
G14035277394405,0.159,0.19764558953168931,0.0071863236839828995,5543.291,G7,Isaacson2024
L15482264093158,0.1388333333335,0.1882031564392468,0.0010002388344101,5556.15,F9,Isaacson2010
G14083902857853,0.204,0.21383937396699537,0.0030646552195874,5562.994,G5,Isaacson2024
G14074842834235,0.3940000000000001,0.2423682973732427,0.0025511660797285667,5568.973,G5,Isaacson2024
G14027630530387,0.163,0.2151690279901804,0.0100834977798298,5571.26,G5,Isaacson2024
G14075590901511,0.162,0.21529653311192953,0.01085224789022025,5581.83,G7,Isaacson2024
G14032693648465,0.146,0.19729319589718816,0.010028011911648099,5582.82,F9,Isaacson2024
G14080854334859,0.212,0.1997056185046182,0.0047715128882164,5584.89,F9,Isaacson2024
L15853866094050,0.1981,0.1865790230091374,0.0108351812864189,5586.365,G3,BoroSaikia2018
L16702933602099,0.3725,0.2374946805208268,0.0039907316251101,5586.61,F9,Isaacson2010
G14074384312927,0.11,0.17856805222430316,0.00991917982049105,5602.8,F9,Isaacson2024
G14059218773420,0.329,0.2315211657400983,0.0066101369420627,5604.5,G5,Isaacson2024
G14075960099215,0.144,0.1921858424358331,0.010629130071727,5607.42,G4,Isaacson2024
G14024234155711,0.1639999999999999,0.1851621223238206,0.0135114852548182,5608.25,F9,Isaacson2024
L16700836388843,0.32475000000000004,0.2331102633457623,0.0041475354139509,5618.61,F9,Isaacson2010
G14028955185905,0.168,0.2246385107857592,0.0147637960180005,5621.29,F9,Isaacson2024
L16714594951430,0.3156666666665,0.2363039997778047,0.0019264356860531,5622.78,F9,Isaacson2010
L16753279248803,0.3023333333335,0.2368942046091222,0.0077006315834607,5625.65,F9,Isaacson2010
G14071525796167,0.152,0.1875244786824574,0.0058756925374772,5635.55,G2,Isaacson2024
L15138407042070,0.1833,0.1946886385933179,0.0008980504079665,5636.28,G3,BoroSaikia2018
L17295399696944,0.17274999999999996,0.18025242172670475,0.0079685851711434,5637.003,F9,Isaacson2010
L15026370953551,0.1849166666665,0.1982127280820341,0.0040353267909599,5643.96,G3,Isaacson2010
L14081010629036,0.163,0.2450314878455995,0.003857266368449,5647.02,G4,Isaacson2024
G14030101543327,0.26500000000000007,0.22256911712532135,0.01154303262126285,5648.503,G5,Isaacson2024
G13442987694987,0.43458333333349997,0.2485683245662369,0.0039915861395504,5669.76,G7,Isaacson2010
G14086004226791,0.15,0.2002640545750277,0.0076012539729885,5675.33,G3,Isaacson2024
L9032700068414,0.202,0.2020865582898521,0.001714147257257,5676.27,F5,BoroSaikia2018
G14033334314494,0.125,0.1979327265047539,0.0098654365174151,5678.45,G4,Isaacson2024
G16662899441586,0.14683333333350002,0.1757363774548669,0.0075169477512048,5682.34,G2,Isaacson2010
G14027876004163,0.162,0.2187765726827041,0.0022117928199391,5684.47,G3,Isaacson2024
G14030738039550,0.126,0.19091761425875065,0.0097558241013405,5684.595,G2,Isaacson2024
G14078381542409,0.148,0.1898691536916174,0.0080272378319687,5690.23,G3,Isaacson2024
G14031311463687,0.145,0.2002543605328043,0.0047148994130764,5695.66,G4,Isaacson2024
G14078525805381,0.149,0.2014644574269856,0.006612840549214,5701.291,G3,Isaacson2024
G14033491834170,0.129,0.19215712793023154,0.00926774294091615,5705.735,G3,Isaacson2024
G14087213801336,0.163,0.2320612464659744,0.0093097545592525,5712.175,G3,Isaacson2024
G14080789620898,0.412,0.25671709384258734,0.0069561393745039505,5713.495,G4,Isaacson2024
L16630163412411,0.16275,0.1957644534087755,0.0047770483976283,5715.4,G6,Isaacson2010
L15151792862554,0.14775,0.1961300723327825,0.0168829179475351,5719.16,F9,Isaacson2010
L14499246254408,0.1666,0.2174209985199734,0.0159108337837748,5721.45,G0,GomesDaSilva2021
G14059514482632,0.14,0.1942577950367266,0.0066710499562707,5728.16,G4,Isaacson2024
L14078564280074,0.119,0.1767736914856021,0.0103673118518702,5732.53,F9,Isaacson2024
G14085515407012,0.136,0.1887221554160639,0.0030778343963058,5736.33,G2,Isaacson2024
G14033502643005,0.252,0.2326200829815081,0.0080084919626928,5736.93,F9,Isaacson2024
G14085913923300,0.146,0.182856025898453,0.0069289908779958,5736.99,F9,Isaacson2024
L16393887751378,0.15046666666675002,0.1890003882033996,0.011520667992775,5740.57,G3,Isaacson2010
G14067027944335,0.146,0.1897011946461557,0.0043651773497046,5747.91,G3,Isaacson2024
G13319412744855,0.1608333333335,0.1879147078177154,0.001298669639788,5747.95,G3,Isaacson2010
G14031571596344,0.1369999999999999,0.1927522147586184,0.010058877781094001,5748.753,F9,Isaacson2024
G14084954620023,0.34,0.23840691833098765,0.0101101812721611,5754.505,F9,Isaacson2024
L14073134111794,0.22900000000000004,0.2014399497404156,0.00838235880548985,5757.13,G3,Isaacson2024
L14676006073348,0.17474999999999996,0.183280292015516,0.0093311629764033,5757.863,F9,Isaacson2010
P15007142039184,0.17362499999999997,0.194250360856617,0.0020059363227601,5759.22,F9,Isaacson2010
G14059520766923,0.14,0.1820860481692911,0.0061885839500943,5761.86,F9,Isaacson2024
L15572402568610,0.37699999999999995,0.23803194543697184,0.0029136779282736996,5763.793000000001,G3,Isaacson2010
L15059715553924,0.149,0.1941591356325008,0.003998540656279101,5766.57,F9,Isaacson2010
G14086192356766,0.172,0.2165428470905672,0.0082794735801651,5767.15,G4,Isaacson2024
G14081882199296,0.19900000000000004,0.1938675041210366,0.004362908707680599,5771.797,G3,Isaacson2024
G14027650224675,0.141,0.1836794540061798,0.0061127501332528,5783.76,G3,Isaacson2024
L14064801521016,0.091,0.2006209548793586,0.006238023064579349,5785.64,G3,Isaacson2024
L14082627094937,0.14,0.1922727878750517,0.0083502302522756,5794.53,G2,Isaacson2024
L14991846084184,0.33725000000000005,0.23691520487908718,0.00310458386162035,5794.74,G3,Isaacson2010
G14064395118296,0.15,0.1796634002861139,0.0054669913214797,5800.24,G1,Isaacson2024
G14087281632808,0.142,0.219174564469977,0.0076929076161813,5814.605,G2,Isaacson2024
G14081722375872,0.148,0.188107710819617,0.007358228120084,5826.08,G2,Isaacson2024
L16686245447602,0.310375,0.2397116593332872,0.0040088887638974,5826.21,G3,Isaacson2010
L14076108373733,0.141,0.20812612735711822,0.011332196940110435,5829.933,G2,Isaacson2024
G14087446786556,0.248,0.23171543782475473,0.00485755127405645,5831.735,F9,Isaacson2024
G14081265426431,0.145,0.21443650719727064,0.00876753961953214,5836.778,G2,Isaacson2024
G14025156147331,0.299,0.23165777914162017,0.007393779819827501,5840.26,G3,Isaacson2024
G14030954998302,0.157,0.21819481972772695,0.0063127736229159,5842.265,G3,Isaacson2024
G14077805754164,0.149,0.20881105750793374,0.00824208985057775,5843.336,G1,Isaacson2024
L17557420723423,0.145,0.199545497248313,0.0029852033272676,5850.21,F9,Isaacson2010
G14081676341262,0.139,0.15679689839386088,0.005153301258867899,5858.245,G2,Isaacson2024
L15028367635130,0.13700000000000018,0.20675572883543986,0.005057091492596361,5861.306,F9,Isaacson2010
L14080930504035,0.133,0.17704747346148064,0.0086566727296499,5861.88,G2,Isaacson2024
L16385518025141,0.14783333333350002,0.20152233942075196,0.00222251538729165,5863.905,G3,Isaacson2010
G14087108859256,0.138,0.18839646507694163,0.00223846173876205,5868.329999999999,G3,Isaacson2024
L14077565409926,0.188,0.2225508096977686,0.0111827950966606,5870.38,G3,Isaacson2024
L14082255059605,0.139,0.1882940777118553,0.0120431993858245,5872.53,G3,Isaacson2024
L16656246455525,0.337,0.2393528198474729,0.0010527824310331,5874.11,G3,Isaacson2010
L14059105342972,0.126,0.1934577133928643,0.0053687735689871,5879.75,G3,Isaacson2024
G14028036898088,0.145,0.19664347094640283,0.00272623678099335,5883.43,G3,Isaacson2024
G14078574488993,0.135,0.2054652700229098,0.0038944861855419,5888.0,G3,Isaacson2024
G14028773979853,0.147,0.2050975030800118,0.0038509802299712,5899.6,G1,Isaacson2024
G14030018855197,0.163,0.220536973546516,0.0039094895029955,5899.76,G3,Isaacson2024
G14058765404159,0.08899999999999998,0.18497216260171082,0.0103591435738987,5906.02,G2,Isaacson2024
L16442793476115,0.151,0.1870768293759623,0.0011609081985249,5910.32,G2,Isaacson2010
L16251002748902,0.252,0.2204495398123568,0.0058723936421601,5917.91,G2,Isaacson2010
G14026501399387,0.135,0.1977333800468519,0.0091432822822477,5917.97,G2,Isaacson2024
L16292098087638,0.1693333333335,0.2108366136915376,0.001371430022843,5918.885,G3,Isaacson2010
G14087092161489,0.121,0.17714999394373368,0.00311753547680705,5922.524999999999,G0,Isaacson2024
G14061345284150,0.136,0.1931189032714182,0.0039060163037446,5923.48,G3,Isaacson2024
G14026896936552,0.161,0.2178235823318591,0.007512694382004,5928.71,G3,Isaacson2024
L14081691072368,0.17900000000000002,0.20270230027911426,0.0029256506484359,5939.747,G3,Isaacson2024
G14032386155686,0.154,0.19700847960609097,0.0028393708229834,5950.27,G3,Isaacson2024
G14071578607460,0.134,0.1828504484112507,0.0058033248532895,5958.87,G2,Isaacson2024
G14082181073881,0.141,0.18440253477156698,0.0060175766986351005,5961.147,G2,Isaacson2024
G14031445154963,0.127,0.2041814348239635,0.0016899303100616,5961.87,G2,Isaacson2024
G14087075021847,0.12,0.18350758241302761,0.00460160687396685,5961.965,G0,Isaacson2024
L14029917998260,0.147,0.1986836995725036,0.012471249562803901,5970.035,G1,Isaacson2024
L15082404092320,0.155,0.2176794897006169,0.003984609674743,5973.8,G2,Isaacson2010
G14031367214077,0.158,0.2242377174492585,0.0089019871004069,5975.68,G2,Isaacson2024
G14075129418186,0.139,0.2038180062500026,0.004811901936473333,5976.887,G2,Isaacson2024
G14030632086179,0.16,0.20486137345864322,0.008468549875308101,5979.477,G2,Isaacson2024
G14081863701809,0.151,0.1930927680467206,0.0144173037501751,5983.66,G0,Isaacson2024
G13247781143370,0.18,0.205437336984332,0.0017839339665158,5985.56,G1,Isaacson2010
G14034098051038,0.154,0.210062775330806,0.0056564869207479,5985.78,G2,Isaacson2024
G14071665703511,0.24,0.2294065041659523,0.0129715694465614,5987.51,G3,Isaacson2024
G17164293735105,0.163,0.2060051840231871,0.0074671500532877,5990.3,G3,BoroSaikia2018
G14077821712052,0.201,0.22045228685607504,0.0064505513283921005,5991.62,G0,Isaacson2024
L15975462864257,0.24,0.2230479732662808,0.0176828747877381,5992.71,G3,Isaacson2010
G14074953268796,0.13,0.1905958078033525,0.0047190319805059,6000.46,G2,Isaacson2024
L8938102213511,0.144,0.1871867305955047,0.0011943274210141,6008.15,G1,Isaacson2010
L14071605677728,0.111,0.197026875893972,0.0031259176581733498,6010.805,G0,Isaacson2024
G14076718985710,0.142,0.19553025969562907,0.00585200277504435,6013.79,G2,Isaacson2024
L16725676540601,0.304125,0.2484988587205649,0.0022827020069792,6013.86,G2,Isaacson2010
G14077649256801,0.139,0.1958616864599215,0.0203844049588198,6027.32,G1,Isaacson2024
L15449945220944,0.17399999999999996,0.22710834535492422,0.007745406338492401,6028.59,G0,Isaacson2010
G14027561411759,0.141,0.2059650377060499,0.00718282597418675,6029.68,G0,Isaacson2024
G14035639805637,0.118,0.1768383066278518,0.0137483729487913,6029.693,G2,Isaacson2024
L14080626866123,0.214,0.23935433666371517,0.0063681375593348495,6039.009999999999,F9,Isaacson2024
G14028147578751,0.14000000000000007,0.1897400862522461,0.007709374159968475,6040.275,G2,Isaacson2024
G14035289899612,0.139,0.19791069822286395,0.00472035600455855,6042.625,G0,Isaacson2024
L15036566478256,0.14675,0.1996395928562551,0.0060717148462308,6044.67,G2,Isaacson2010
G14078342778187,0.134,0.1924584043177964,0.0065415906630699,6045.497,G0,Isaacson2024
G14080891188899,0.143,0.2001248644578771,0.0083476979201998,6049.17,G0,Isaacson2024
L14072635477338,0.234,0.2208102126857399,0.0160325435062332,6059.36,G2,Isaacson2024
G13198293862785,0.1488,0.2020397162584571,0.0012755812365152,6075.16,F5,GomesDaSilva2021
G14078788242957,0.148,0.1888983238689205,0.006384167198431949,6075.5,G0,Isaacson2024
L16376053198011,0.14300000000000002,0.2001976746319355,0.0050625261554883,6081.165,F7,Isaacson2010
G14076713929937,0.14000000000000007,0.1898830340371049,0.006818397802507949,6088.835,G2,Isaacson2024
G14061551318764,0.135,0.174929063749134,0.0034961692844574,6090.21,G0,Isaacson2024
L14081876441523,0.119,0.1762431445255659,0.0056530581643455,6092.96,F9,Isaacson2024
G17526555640653,0.36725000000000235,0.252565207031561,0.0014139774898711249,6096.895,G0,Isaacson2010
G14029986289373,0.135,0.2024844862026799,0.0041122711259456,6099.47,G0,Isaacson2024
L15398537640636,0.155,0.19550698578005873,0.0017298615097918,6101.377,F9,Isaacson2010
G14035222806375,0.127,0.2056346064789952,0.0045817598171406,6103.95,F7,Isaacson2024
G14076208844402,0.11600000000000006,0.19142104584221542,0.00791587073386015,6106.28,F9,Isaacson2024
G14076412083273,0.125,0.1808830297361214,0.0029571727374328,6111.61,F9,Isaacson2024
G14074373155668,0.124,0.1836155346841205,0.0069814670930787,6113.62,F7,Isaacson2024
G14030261020953,0.14599999999999994,0.18641764338333028,0.00535010159504834,6114.162,G1,Isaacson2024
G14083758853757,0.126,0.2010514554043903,0.0107963371596693,6121.86,F8,Isaacson2024
L14023403254440,0.122,0.1837132411719992,0.0066984871625072,6122.42,F8,Isaacson2024
G14077443490589,0.13399999999999992,0.19021275889161918,0.008062037705766299,6123.071999999999,F9,Isaacson2024
G14028026510408,0.122,0.19730183468690335,0.0069900591522538,6123.165,G0,Isaacson2024
G14030091182403,0.109,0.17956483662800302,0.0042363642899093,6124.27,F7,Isaacson2024
L14076769373396,0.105,0.16404578483968,0.0041593157684916,6127.54,G0,Isaacson2024
G16528366818790,0.1466,0.1991420659381295,0.0040850419237389,6155.87,F7,BoroSaikia2018
G14085660425096,0.124,0.2046461506375343,0.0052515218552949,6159.23,F7,Isaacson2024
L17423317074469,0.187,0.2020087368619681,0.0035566773082082,6161.52,G1,Isaacson2010
G14064888325759,0.119,0.2085781739807146,0.0053722171710436,6164.09,F7,Isaacson2024
G14080138065399,0.128,0.18682518080219596,0.0071426725364492506,6170.49,F7,Isaacson2024
G14431663449959,0.1674,0.1819999795249646,0.0106684119040141,6171.02,F7,GomesDaSilva2021
G14077365621565,0.102,0.2107992208607885,0.0061546472544604,6176.77,F7,Isaacson2024
G14032164994078,0.136,0.19428190560811395,0.0034838404641413996,6184.283,F7,Isaacson2024
L14035003860690,0.14,0.2015257439169287,0.016699701257672,6185.33,F7,Isaacson2024
G14080791668379,0.139,0.203888131077358,0.0030838825790554,6185.88,F7,Isaacson2024
G14086795003673,0.1369999999999999,0.2344043079294823,0.0069782579619651,6191.76,F8,Isaacson2024
G16649500811821,0.15789999999999998,0.1970642417147611,0.0087782296729563,6195.53,G0,Isaacson2010
G14077499993447,0.127,0.19774815942318585,0.00450842935670855,6195.695,F8,Isaacson2024
G14024771206050,0.115,0.1776751744728318,0.0119660933061161,6200.16,F7,Isaacson2024
G14035909194260,0.112,0.1983820594009562,0.0060211859589932,6208.46,F8,Isaacson2024
G14058597286237,0.12,0.19574271517227454,0.00326994028714715,6214.19,F7,Isaacson2024
G14080204844962,0.139,0.1928559297630447,0.0039684203947524,6218.85,F7,Isaacson2024
L14024829075908,0.16,0.226500766313794,0.0082768013999654,6219.19,F8,Isaacson2024
L15008237134121,0.2026666666665,0.19845674922040504,0.0053351480257054,6220.655,F7,Isaacson2010
L14084614538902,0.135,0.2263702444013974,0.012415268401604,6223.25,F7,Isaacson2024
G14084031467283,0.128,0.2060567810918342,0.0076134946741447,6225.405,F6,Isaacson2024
G14035386922776,0.112,0.21503500289905209,0.01065261750608925,6238.595,F6,Isaacson2024
G14085487962162,0.178,0.2158766048330923,0.0029954733741918,6244.67,F7,Isaacson2024
G14064069146268,0.073,0.1987541147294357,0.0024807458389875,6245.68,F7,Isaacson2024
G14081755371801,0.133,0.1923044057845513,0.0014550875634540498,6251.78,F7,Isaacson2024
G14028281263421,0.133,0.20281026159833299,0.0024963750888457002,6254.29,F6,Isaacson2024
G14072860228640,0.138,0.2063675088337714,0.0109124499078074,6262.69,F7,Isaacson2024
G14084986197886,0.13,0.17674422492729977,0.011545395379387799,6272.935999999999,F7,Isaacson2024
G14085908513092,0.119,0.18485067507543862,0.0038151950155317,6285.085,F6,Isaacson2024
G14057902209190,0.112,0.19228073853148425,0.0027785680014522666,6290.604,F6,Isaacson2024
L15514040803592,0.158,0.2311322904371708,0.0065739877981594,6293.98,F6,Isaacson2010
G14030642825399,0.116,0.20262312945552347,0.00860315247788045,6296.32,F5,Isaacson2024
G14080907325268,0.109,0.1932190213858008,0.008344685331184,6298.26,F5,Isaacson2024
G14030949773442,0.125,0.2170493489486204,0.0029343675742969,6298.75,F7,Isaacson2024
G17057610828537,0.1732,0.2173777742057873,0.0014924552550084,6302.16,F6,BoroSaikia2018
G14076169491987,0.12800000000000003,0.1861453150507534,0.0025651198271941,6305.183,F5,Isaacson2024
G14035197743491,0.14,0.1983495925971655,0.0078251096832296,6305.42,F6,Isaacson2024
G14031245177393,0.12599999999999997,0.20524220013419872,0.005334353628090534,6311.517,F5,Isaacson2024
G14029923940353,0.151,0.22211603189936632,0.0026685147314635667,6317.9039999999995,F5,Isaacson2024
G14029726845813,0.115,0.18187803943724215,0.0057497519114384004,6318.31,F5,Isaacson2024
G14059459882761,0.155,0.2080107395829834,0.0021487599018704,6322.28,F7,Isaacson2024
G14086087077054,0.126,0.2142830996582347,0.0142653232191603,6343.73,F5,Isaacson2024
G14033367979556,0.124,0.22170517691499736,0.0022862775875374,6344.93,F6,Isaacson2024
L15665077359542,0.151,0.2175897718303357,0.0012161480514068,6345.28,F5,BoroSaikia2018
G14027847837372,0.128,0.20292628536938895,0.00336578753782775,6355.16,F7,Isaacson2024
G14030308009770,0.17399999999999996,0.22492196716236032,0.0073006970452324,6359.86,F5,Isaacson2024
L15137681034992,0.1457727272725,0.1945167513135815,0.0036225812511035,6361.04,F6,Isaacson2010
G14076311096326,0.121,0.20643174060252087,0.0077160090976403995,6361.773,F5,Isaacson2024
G14029170520237,0.13,0.20063015223042252,0.011294428667982633,6363.473,F5,Isaacson2024
G14072526040574,0.14,0.2145669426615628,0.0096130807795927,6377.33,F5,Isaacson2024
G14075997586829,0.126,0.2232752767641961,0.0096379658127993,6377.643,F6,Isaacson2024
G14082624207825,0.146,0.1982733261324962,0.0121408412712544,6379.09,F6,Isaacson2024
G14075712291193,0.171,0.2167166808146265,0.0135694287332552,6380.13,F6,Isaacson2024
L14083339055719,0.127,0.2163563809867382,0.0141407719312143,6396.13,F6,Isaacson2024
G14081066749874,0.138,0.2131509176651828,0.00479954932325665,6415.81,F5,Isaacson2024
G14058547645611,0.106,0.2263244019654174,0.0034272956334879,6427.4,F5,Isaacson2024
G14078510970797,0.121,0.22130225784373478,0.0053543237751337,6455.164,F5,Isaacson2024
L14076329520898,0.16999999999999998,0.23489340787190224,0.007529364701880235,6487.51,F5,Isaacson2024
G14031828688649,0.102,0.22902796132008374,0.00413876585236985,6489.575,F5,Isaacson2024
G14078185280445,0.128,0.1753207656861622,0.0101231287044769,6493.744,F5,Isaacson2024
L14071895641286,0.16,0.2270191630617483,0.0143487234034762,6515.57,F5,Isaacson2024
L15335459483631,0.4027,0.238668167824807,0.0174226757774383,6524.35,F5,BoroSaikia2018
G14032037639975,0.126,0.20239443039656135,0.0078955750186242,6565.935,F4,Isaacson2024
L14064250295112,0.136,0.240430799215892,0.0017715638888847,6572.89,F5,Isaacson2024
G14077404692906,0.134,0.22199693436075674,0.005559135412577651,6588.18,F5,Isaacson2024
G14081019869517,0.126,0.21628082834779286,0.006756461035814201,6603.42,F5,Isaacson2024
G14083444761267,0.14399999999999996,0.23751096522813428,0.0040168534771710005,6638.041,F4,Isaacson2024
L14080958980880,0.162,0.2199044137597366,0.0043313106117336,6716.29,F3,Isaacson2024
